INSERT INTO team12.country (id, name) VALUES (20, '국가 정보 없음');
INSERT INTO team12.country (id, name) VALUES (2, '대한민국');
INSERT INTO team12.country (id, name) VALUES (14, '독일');
INSERT INTO team12.country (id, name) VALUES (12, '독일,중국,세르비아');
INSERT INTO team12.country (id, name) VALUES (4, '러시아');
INSERT INTO team12.country (id, name) VALUES (23, '멕시코');
INSERT INTO team12.country (id, name) VALUES (7, '미국');
INSERT INTO team12.country (id, name) VALUES (21, '미국,러시아');
INSERT INTO team12.country (id, name) VALUES (5, '벨로루시');
INSERT INTO team12.country (id, name) VALUES (8, '브라질,독일');
INSERT INTO team12.country (id, name) VALUES (1, '영국');
INSERT INTO team12.country (id, name) VALUES (9, '오스트레일리아');
INSERT INTO team12.country (id, name) VALUES (16, '이탈리아');
INSERT INTO team12.country (id, name) VALUES (3, '일본');
INSERT INTO team12.country (id, name) VALUES (22, '일본,영국');
INSERT INTO team12.country (id, name) VALUES (10, '조지아(그루지야)');
INSERT INTO team12.country (id, name) VALUES (15, '중국');
INSERT INTO team12.country (id, name) VALUES (18, '칠레');
INSERT INTO team12.country (id, name) VALUES (6, '캐나다');
INSERT INTO team12.country (id, name) VALUES (13, '쿠바');
INSERT INTO team12.country (id, name) VALUES (19, '폴란드');
INSERT INTO team12.country (id, name) VALUES (11, '프랑스,아르헨티나,네덜란드,칠레');
INSERT INTO team12.country (id, name) VALUES (17, '필리핀');

INSERT INTO team12.director (id, name) VALUES (97, 'Hernando Name');
INSERT INTO team12.director (id, name) VALUES (81, 'Jan Nickman');
INSERT INTO team12.director (id, name) VALUES (53, 'Kazuhiko Yamaguchi');
INSERT INTO team12.director (id, name) VALUES (95, 'Peter Phillips');
INSERT INTO team12.director (id, name) VALUES (98, 'Richard Oleksiak');
INSERT INTO team12.director (id, name) VALUES (85, 'rocky schenk');
INSERT INTO team12.director (id, name) VALUES (44, 'Santiago Álvarez');
INSERT INTO team12.director (id, name) VALUES (84, 'Trevor Evans');
INSERT INTO team12.director (id, name) VALUES (7, '감독 정보 없음');
INSERT INTO team12.director (id, name) VALUES (34, '고바야시 이치로');
INSERT INTO team12.director (id, name) VALUES (94, '구성원');
INSERT INTO team12.director (id, name) VALUES (69, '구소정');
INSERT INTO team12.director (id, name) VALUES (63, '그레고르 묄러');
INSERT INTO team12.director (id, name) VALUES (60, '김도영');
INSERT INTO team12.director (id, name) VALUES (31, '김우승');
INSERT INTO team12.director (id, name) VALUES (26, '김응천');
INSERT INTO team12.director (id, name) VALUES (10, '김창훈');
INSERT INTO team12.director (id, name) VALUES (17, '김현수');
INSERT INTO team12.director (id, name) VALUES (2, '김홍완');
INSERT INTO team12.director (id, name) VALUES (59, '나오키 이토');
INSERT INTO team12.director (id, name) VALUES (57, '나종배');
INSERT INTO team12.director (id, name) VALUES (72, '나카노 료타');
INSERT INTO team12.director (id, name) VALUES (93, '다이안 잭슨');
INSERT INTO team12.director (id, name) VALUES (20, '다카하시 켄타로');
INSERT INTO team12.director (id, name) VALUES (28, '데이비드 알렉소비치');
INSERT INTO team12.director (id, name) VALUES (64, '데이비드 체르카스키');
INSERT INTO team12.director (id, name) VALUES (25, '데자키 오사무');
INSERT INTO team12.director (id, name) VALUES (83, '디에고 캐개스친');
INSERT INTO team12.director (id, name) VALUES (41, '레날 카말로브');
INSERT INTO team12.director (id, name) VALUES (80, '루이지 카푸아노');
INSERT INTO team12.director (id, name) VALUES (35, '루크 샤나한');
INSERT INTO team12.director (id, name) VALUES (8, '류한준');
INSERT INTO team12.director (id, name) VALUES (90, '마리안나 야로프스카야');
INSERT INTO team12.director (id, name) VALUES (1, '마이클 파웰');
INSERT INTO team12.director (id, name) VALUES (61, '마크 폴리쉬');
INSERT INTO team12.director (id, name) VALUES (82, '마티 콜너');
INSERT INTO team12.director (id, name) VALUES (47, '모현신');
INSERT INTO team12.director (id, name) VALUES (36, '미쇼 안타제');
INSERT INTO team12.director (id, name) VALUES (49, '민주홍');
INSERT INTO team12.director (id, name) VALUES (52, '박근혜정권퇴진비상국민행동미디어팀');
INSERT INTO team12.director (id, name) VALUES (55, '박기복');
INSERT INTO team12.director (id, name) VALUES (91, '박마리솔');
INSERT INTO team12.director (id, name) VALUES (5, '박종수');
INSERT INTO team12.director (id, name) VALUES (51, '박현수');
INSERT INTO team12.director (id, name) VALUES (15, '방성준');
INSERT INTO team12.director (id, name) VALUES (96, '비탈리 무카메지아노브');
INSERT INTO team12.director (id, name) VALUES (27, '빅 앳킨슨');
INSERT INTO team12.director (id, name) VALUES (46, '빅히트 엔터테인먼트');
INSERT INTO team12.director (id, name) VALUES (45, '서지연');
INSERT INTO team12.director (id, name) VALUES (78, '소륜');
INSERT INTO team12.director (id, name) VALUES (43, '스즈무라 노부히로');
INSERT INTO team12.director (id, name) VALUES (4, '신민희');
INSERT INTO team12.director (id, name) VALUES (23, '아나톨리 보로디치');
INSERT INTO team12.director (id, name) VALUES (37, '아사하라 유조');
INSERT INTO team12.director (id, name) VALUES (16, '안정미');
INSERT INTO team12.director (id, name) VALUES (21, '알렉산더 고록호브');
INSERT INTO team12.director (id, name) VALUES (30, '어니스트 G. 사우어');
INSERT INTO team12.director (id, name) VALUES (33, '엘베시우 마링스 주니어');
INSERT INTO team12.director (id, name) VALUES (74, '오다 마나부');
INSERT INTO team12.director (id, name) VALUES (22, '요네바야시 히로마사');
INSERT INTO team12.director (id, name) VALUES (89, '위톨드 기에르츠');
INSERT INTO team12.director (id, name) VALUES (66, '이다혜');
INSERT INTO team12.director (id, name) VALUES (39, '이덕찬');
INSERT INTO team12.director (id, name) VALUES (12, '이동욱');
INSERT INTO team12.director (id, name) VALUES (40, '이반 마르코비치');
INSERT INTO team12.director (id, name) VALUES (13, '이상혁');
INSERT INTO team12.director (id, name) VALUES (19, '이승주');
INSERT INTO team12.director (id, name) VALUES (48, '이신희');
INSERT INTO team12.director (id, name) VALUES (75, '이영종');
INSERT INTO team12.director (id, name) VALUES (58, '이종벽');
INSERT INTO team12.director (id, name) VALUES (79, '이형표');
INSERT INTO team12.director (id, name) VALUES (9, '임봉호');
INSERT INTO team12.director (id, name) VALUES (87, '장일호');
INSERT INTO team12.director (id, name) VALUES (76, '저스틴 프라이스');
INSERT INTO team12.director (id, name) VALUES (18, '전성연');
INSERT INTO team12.director (id, name) VALUES (42, '전응주');
INSERT INTO team12.director (id, name) VALUES (68, '정다운');
INSERT INTO team12.director (id, name) VALUES (11, '정상문');
INSERT INTO team12.director (id, name) VALUES (92, '지웅배');
INSERT INTO team12.director (id, name) VALUES (14, '지창구');
INSERT INTO team12.director (id, name) VALUES (32, '진승현');
INSERT INTO team12.director (id, name) VALUES (70, '초양');
INSERT INTO team12.director (id, name) VALUES (29, '최거엽');
INSERT INTO team12.director (id, name) VALUES (88, '최나미');
INSERT INTO team12.director (id, name) VALUES (54, '최명섭');
INSERT INTO team12.director (id, name) VALUES (50, '최윤수');
INSERT INTO team12.director (id, name) VALUES (65, '츠키카게 쿠로우');
INSERT INTO team12.director (id, name) VALUES (73, '코바야시 유키');
INSERT INTO team12.director (id, name) VALUES (71, '키무라 히로유키');
INSERT INTO team12.director (id, name) VALUES (77, '타나다 유키');
INSERT INTO team12.director (id, name) VALUES (38, '파블로 트라페로');
INSERT INTO team12.director (id, name) VALUES (86, '펠라요 리라');
INSERT INTO team12.director (id, name) VALUES (67, '하시모토 코지로');
INSERT INTO team12.director (id, name) VALUES (24, '하야시 유이치로');
INSERT INTO team12.director (id, name) VALUES (6, '황미연');
INSERT INTO team12.director (id, name) VALUES (3, '황우양');
INSERT INTO team12.director (id, name) VALUES (56, '후카사쿠 킨지');
INSERT INTO team12.director (id, name) VALUES (62, '히로아키');

INSERT INTO team12.distributor (id, name) VALUES (13, '㈜진진엔터테인먼트필름');
INSERT INTO team12.distributor (id, name) VALUES (22, '(주)무당벌레필름');
INSERT INTO team12.distributor (id, name) VALUES (20, '(주)컨텐츠빌리지');
INSERT INTO team12.distributor (id, name) VALUES (30, 'A-FILMS');
INSERT INTO team12.distributor (id, name) VALUES (15, 'Along Shot Films');
INSERT INTO team12.distributor (id, name) VALUES (34, 'Asmik ACE Entertainment');
INSERT INTO team12.distributor (id, name) VALUES (33, 'BC');
INSERT INTO team12.distributor (id, name) VALUES (29, 'Burbank Films Australlia');
INSERT INTO team12.distributor (id, name) VALUES (14, 'Canabrava Fil,Muiraquitã Filmes');
INSERT INTO team12.distributor (id, name) VALUES (44, 'Canadian Broadcasting Corporation (CBC),Dudley Ent');
INSERT INTO team12.distributor (id, name) VALUES (19, 'CGV ScreenX,빅히트 엔터테인먼트');
INSERT INTO team12.distributor (id, name) VALUES (51, 'CTB Film Company');
INSERT INTO team12.distributor (id, name) VALUES (6, 'CUBINCUP Animation Studio');
INSERT INTO team12.distributor (id, name) VALUES (12, 'Double Helix Films inc.,Private Screenings');
INSERT INTO team12.distributor (id, name) VALUES (43, 'East West International Films');
INSERT INTO team12.distributor (id, name) VALUES (11, 'Encyclopædia Britannica Films,Blake Animation,Star');
INSERT INTO team12.distributor (id, name) VALUES (42, 'Euro International Film (EIA),Liber Film');
INSERT INTO team12.distributor (id, name) VALUES (49, 'Frederick Warne   Co,TVC london,British Broadcasti');
INSERT INTO team12.distributor (id, name) VALUES (50, 'Gimell Records');
INSERT INTO team12.distributor (id, name) VALUES (23, 'Kadokawa Haruki Jimusho,Toei Company');
INSERT INTO team12.distributor (id, name) VALUES (46, 'Liber Film');
INSERT INTO team12.distributor (id, name) VALUES (7, 'MAPPA');
INSERT INTO team12.distributor (id, name) VALUES (48, 'Mediamax International');
INSERT INTO team12.distributor (id, name) VALUES (17, 'Nanslafu Films');
INSERT INTO team12.distributor (id, name) VALUES (35, 'Nikkatsu');
INSERT INTO team12.distributor (id, name) VALUES (52, 'Producciones Esme S.A.,Producciones Rio Bravo S.A.');
INSERT INTO team12.distributor (id, name) VALUES (16, 'Shochiku');
INSERT INTO team12.distributor (id, name) VALUES (10, 'Titlecraft,Pooled Film Services (PFS)');
INSERT INTO team12.distributor (id, name) VALUES (8, 'TMS ENTERTAINMENT,LTD.');
INSERT INTO team12.distributor (id, name) VALUES (21, 'Toei Tokyo');
INSERT INTO team12.distributor (id, name) VALUES (25, 'TYO Productions');
INSERT INTO team12.distributor (id, name) VALUES (1, 'Vanguard Films,London Film Productions');
INSERT INTO team12.distributor (id, name) VALUES (41, '극동흥업주식회사');
INSERT INTO team12.distributor (id, name) VALUES (31, '기린그림');
INSERT INTO team12.distributor (id, name) VALUES (3, '넥스트');
INSERT INTO team12.distributor (id, name) VALUES (38, '니혼뉴스');
INSERT INTO team12.distributor (id, name) VALUES (4, '다크코너스튜디오');
INSERT INTO team12.distributor (id, name) VALUES (9, '동성영화공사');
INSERT INTO team12.distributor (id, name) VALUES (28, '매그넛 필름');
INSERT INTO team12.distributor (id, name) VALUES (26, '바네로야 픽쳐스');
INSERT INTO team12.distributor (id, name) VALUES (2, '배급사 정보 없음');
INSERT INTO team12.distributor (id, name) VALUES (37, '부산국제영화제');
INSERT INTO team12.distributor (id, name) VALUES (5, '스튜디오 포녹');
INSERT INTO team12.distributor (id, name) VALUES (18, '신필림');
INSERT INTO team12.distributor (id, name) VALUES (24, '씨네호크마');
INSERT INTO team12.distributor (id, name) VALUES (27, '에스티에스엔터테인먼트');
INSERT INTO team12.distributor (id, name) VALUES (40, '유스인라이트픽쳐');
INSERT INTO team12.distributor (id, name) VALUES (45, '칸그레조 필름');
INSERT INTO team12.distributor (id, name) VALUES (36, '픽처 제로 엔터테인먼트');
INSERT INTO team12.distributor (id, name) VALUES (47, '한국예술영화주식회사');
INSERT INTO team12.distributor (id, name) VALUES (32, '한국예술종합학교 영상원 영화과');
INSERT INTO team12.distributor (id, name) VALUES (39, '후지TV');

INSERT INTO team12.film_type (id, name) VALUES (6, '(실황)공연물');
INSERT INTO team12.film_type (id, name) VALUES (8, 'TV-시리즈');
INSERT INTO team12.film_type (id, name) VALUES (4, 'TV-애니메이션');
INSERT INTO team12.film_type (id, name) VALUES (9, 'TV-영화');
INSERT INTO team12.film_type (id, name) VALUES (1, '극영화');
INSERT INTO team12.film_type (id, name) VALUES (5, '기록물');
INSERT INTO team12.film_type (id, name) VALUES (2, '다큐멘터리');
INSERT INTO team12.film_type (id, name) VALUES (3, '애니메이션');
INSERT INTO team12.film_type (id, name) VALUES (10, '유형 정보 없음');
INSERT INTO team12.film_type (id, name) VALUES (7, '정보물');

INSERT INTO team12.rating (id, rate) VALUES (4, '12세관람가');
INSERT INTO team12.rating (id, rate) VALUES (1, '15세관람가');
INSERT INTO team12.rating (id, rate) VALUES (3, '18세관람가(청소년관람불가)');
INSERT INTO team12.rating (id, rate) VALUES (5, '미성년자관람불가');
INSERT INTO team12.rating (id, rate) VALUES (6, '연소자관람가');
INSERT INTO team12.rating (id, rate) VALUES (2, '전체관람가');

INSERT INTO team12.film (id, year, country_id, director_id, rating_id, type_id, title) VALUES (1, 1950, 1, 1, 1, 1, ' 여호');
INSERT INTO team12.film (id, year, country_id, director_id, rating_id, type_id, title) VALUES (2, 2011, 2, 2, 1, 1, ' 잡담');
INSERT INTO team12.film (id, year, country_id, director_id, rating_id, type_id, title) VALUES (3, 2004, 2, 3, 1, 1, ' 게임');
INSERT INTO team12.film (id, year, country_id, director_id, rating_id, type_id, title) VALUES (4, 2012, 2, 4, 1, 1, ' 덕구 TV');
INSERT INTO team12.film (id, year, country_id, director_id, rating_id, type_id, title) VALUES (5, 2012, 2, 5, 1, 1, ' 더 케이스');
INSERT INTO team12.film (id, year, country_id, director_id, rating_id, type_id, title) VALUES (6, 2005, 2, 6, 1, 1, ' 이쁜 치마');
INSERT INTO team12.film (id, year, country_id, director_id, rating_id, type_id, title) VALUES (7, 2013, 2, 7, 1, 1, ' 시작은 잘못됐지만');
INSERT INTO team12.film (id, year, country_id, director_id, rating_id, type_id, title) VALUES (8, 2017, 2, 8, 1, 1, ' 무방향버스');
INSERT INTO team12.film (id, year, country_id, director_id, rating_id, type_id, title) VALUES (9, 2017, 2, 9, 1, 1, ' 무상');
INSERT INTO team12.film (id, year, country_id, director_id, rating_id, type_id, title) VALUES (10, 2017, 2, 7, 1, 1, ' 모녀');
INSERT INTO team12.film (id, year, country_id, director_id, rating_id, type_id, title) VALUES (11, 2012, 2, 10, 1, 1, ' 댄스 위드 마이 마더');
INSERT INTO team12.film (id, year, country_id, director_id, rating_id, type_id, title) VALUES (12, 2012, 2, 11, 1, 2, ' 닭의 마을');
INSERT INTO team12.film (id, year, country_id, director_id, rating_id, type_id, title) VALUES (13, 2013, 2, 12, 1, 3, ' 안녕, 루키');
INSERT INTO team12.film (id, year, country_id, director_id, rating_id, type_id, title) VALUES (14, 2017, 2, 13, 1, 1, ' 목욕탕 가는 길');
INSERT INTO team12.film (id, year, country_id, director_id, rating_id, type_id, title) VALUES (15, 2007, 2, 14, 2, 3, ' 왓 해펀드 투 샘?');
INSERT INTO team12.film (id, year, country_id, director_id, rating_id, type_id, title) VALUES (16, 2017, 2, 15, 1, 1, ' 목련에 대하여');
INSERT INTO team12.film (id, year, country_id, director_id, rating_id, type_id, title) VALUES (17, 2004, 2, 7, 1, 1, ' 디너');
INSERT INTO team12.film (id, year, country_id, director_id, rating_id, type_id, title) VALUES (18, 2012, 2, 16, 1, 1, ' 댄스왕');
INSERT INTO team12.film (id, year, country_id, director_id, rating_id, type_id, title) VALUES (19, 2013, 2, 17, 1, 2, ' 아버지씨');
INSERT INTO team12.film (id, year, country_id, director_id, rating_id, type_id, title) VALUES (20, 2013, 2, 18, 1, 2, ' 아저씨');
INSERT INTO team12.film (id, year, country_id, director_id, rating_id, type_id, title) VALUES (21, 2010, 2, 19, 1, 1, ' 야간수업');
INSERT INTO team12.film (id, year, country_id, director_id, rating_id, type_id, title) VALUES (22, 2018, 3, 20, 3, 1, ' 샤워실의 딸친구');
INSERT INTO team12.film (id, year, country_id, director_id, rating_id, type_id, title) VALUES (23, 2017, 4, 21, 2, 1, ' 우주유영사');
INSERT INTO team12.film (id, year, country_id, director_id, rating_id, type_id, title) VALUES (24, 2018, 3, 22, 4, 3, ' 작은 영웅: 게와 달걀과 투명인간');
INSERT INTO team12.film (id, year, country_id, director_id, rating_id, type_id, title) VALUES (25, 2015, 5, 23, 2, 3, ' 스카이와 친구들: 로보시티의 비밀');
INSERT INTO team12.film (id, year, country_id, director_id, rating_id, type_id, title) VALUES (26, 2019, 3, 24, 3, 4, ' 카케구루이 엑스엑스');
INSERT INTO team12.film (id, year, country_id, director_id, rating_id, type_id, title) VALUES (27, 1982, 3, 25, 1, 4, ' 우주해적 코브라');
INSERT INTO team12.film (id, year, country_id, director_id, rating_id, type_id, title) VALUES (28, 1963, 2, 26, 5, 1, ' 밤에 걸려온 전화');
INSERT INTO team12.film (id, year, country_id, director_id, rating_id, type_id, title) VALUES (29, 1979, 6, 27, 6, 3, ' 투키키');
INSERT INTO team12.film (id, year, country_id, director_id, rating_id, type_id, title) VALUES (30, 1991, 7, 28, 6, 4, ' 브리태니커 세계의 동화');
INSERT INTO team12.film (id, year, country_id, director_id, rating_id, type_id, title) VALUES (31, 1990, 2, 29, 6, 1, ' 꾸러기 특공대');
INSERT INTO team12.film (id, year, country_id, director_id, rating_id, type_id, title) VALUES (32, 1990, 7, 30, 1, 1, ' 침대의 대소동');
INSERT INTO team12.film (id, year, country_id, director_id, rating_id, type_id, title) VALUES (33, 2004, 2, 31, 3, 1, ' 숫처녀만 50번째');
INSERT INTO team12.film (id, year, country_id, director_id, rating_id, type_id, title) VALUES (34, 2019, 2, 32, 4, 1, ' 전주에서 길을 묻다');
INSERT INTO team12.film (id, year, country_id, director_id, rating_id, type_id, title) VALUES (35, 2019, 8, 33, 1, 1, ' 안식처');
INSERT INTO team12.film (id, year, country_id, director_id, rating_id, type_id, title) VALUES (36, 2018, 3, 34, 3, 1, ' 우윳빛깔 옆집유부녀');
INSERT INTO team12.film (id, year, country_id, director_id, rating_id, type_id, title) VALUES (37, 2018, 3, 34, 3, 1, ' 어서와 옆집 유부녀');
INSERT INTO team12.film (id, year, country_id, director_id, rating_id, type_id, title) VALUES (38, 2017, 9, 35, 1, 1, ' 래빗');
INSERT INTO team12.film (id, year, country_id, director_id, rating_id, type_id, title) VALUES (39, 2019, 10, 36, 1, 2, ' 수확');
INSERT INTO team12.film (id, year, country_id, director_id, rating_id, type_id, title) VALUES (40, 2016, 3, 37, 4, 1, ' 나의 한국어 선생님');
INSERT INTO team12.film (id, year, country_id, director_id, rating_id, type_id, title) VALUES (41, 2002, 11, 38, 1, 1, ' 비밀 경찰');
INSERT INTO team12.film (id, year, country_id, director_id, rating_id, type_id, title) VALUES (42, 2019, 2, 39, 2, 1, ' 레오');
INSERT INTO team12.film (id, year, country_id, director_id, rating_id, type_id, title) VALUES (43, 2019, 12, 40, 1, 1, ' 내일부터 나는');
INSERT INTO team12.film (id, year, country_id, director_id, rating_id, type_id, title) VALUES (44, 2018, 4, 41, 1, 1, ' 전화 당번');
INSERT INTO team12.film (id, year, country_id, director_id, rating_id, type_id, title) VALUES (45, 1962, 2, 42, 5, 1, ' 불러도 대답없는 이름이여');
INSERT INTO team12.film (id, year, country_id, director_id, rating_id, type_id, title) VALUES (46, 2002, 2, 7, 1, 5, ' 제10회 춘사 나운규 영화 예술제');
INSERT INTO team12.film (id, year, country_id, director_id, rating_id, type_id, title) VALUES (47, 2018, 3, 43, 2, 1, ' 극장판 가면라이더 이그제이드 외전: 패러독스 위드 뽀삐');
INSERT INTO team12.film (id, year, country_id, director_id, rating_id, type_id, title) VALUES (48, 1968, 13, 44, 1, 2, ' 하노이의 13번째 화요일');
INSERT INTO team12.film (id, year, country_id, director_id, rating_id, type_id, title) VALUES (49, 2012, 2, 45, 1, 2, ' 네 잘못이 아닌데...');
INSERT INTO team12.film (id, year, country_id, director_id, rating_id, type_id, title) VALUES (50, 2018, 2, 46, 2, 6, ' 러브 유어셀프 인 서울');
INSERT INTO team12.film (id, year, country_id, director_id, rating_id, type_id, title) VALUES (51, 2017, 2, 47, 2, 1, ' 국광교회');
INSERT INTO team12.film (id, year, country_id, director_id, rating_id, type_id, title) VALUES (52, 2018, 2, 48, 1, 1, ' 관객, 직원, 시네마테크');
INSERT INTO team12.film (id, year, country_id, director_id, rating_id, type_id, title) VALUES (53, 2012, 2, 49, 1, 1, ' 다이빙');
INSERT INTO team12.film (id, year, country_id, director_id, rating_id, type_id, title) VALUES (54, 2012, 2, 50, 1, 1, ' 평행선');
INSERT INTO team12.film (id, year, country_id, director_id, rating_id, type_id, title) VALUES (55, 2019, 2, 51, 1, 1, ' 원펀치');
INSERT INTO team12.film (id, year, country_id, director_id, rating_id, type_id, title) VALUES (56, 2017, 2, 52, 1, 2, ' 광장');
INSERT INTO team12.film (id, year, country_id, director_id, rating_id, type_id, title) VALUES (57, 1974, 3, 53, 1, 1, ' 여필살권');
INSERT INTO team12.film (id, year, country_id, director_id, rating_id, type_id, title) VALUES (58, 2004, 2, 7, 1, 5, ' 제13회 도선 사진 문화상 시상식 및 부천사진인 송년회');
INSERT INTO team12.film (id, year, country_id, director_id, rating_id, type_id, title) VALUES (59, 2003, 2, 7, 1, 5, ' 노무현 대통령 취임식');
INSERT INTO team12.film (id, year, country_id, director_id, rating_id, type_id, title) VALUES (60, 2003, 2, 7, 1, 5, ' 한미 동맹과 평화번영 정책 세미나');
INSERT INTO team12.film (id, year, country_id, director_id, rating_id, type_id, title) VALUES (61, 2013, 2, 54, 1, 2, ' 최후의 시장, 황학동');
INSERT INTO team12.film (id, year, country_id, director_id, rating_id, type_id, title) VALUES (62, 2003, 2, 7, 1, 5, ' 제4회 전주국제영화제');
INSERT INTO team12.film (id, year, country_id, director_id, rating_id, type_id, title) VALUES (63, 2018, 2, 55, 1, 1, ' 임을 위한 행진곡');
INSERT INTO team12.film (id, year, country_id, director_id, rating_id, type_id, title) VALUES (64, 1983, 3, 56, 1, 1, ' 사토미 팔견전');
INSERT INTO team12.film (id, year, country_id, director_id, rating_id, type_id, title) VALUES (65, 2013, 2, 57, 1, 2, ' 춤');
INSERT INTO team12.film (id, year, country_id, director_id, rating_id, type_id, title) VALUES (66, 2004, 2, 7, 1, 5, ' 2004 한국 경제의 전망 세미나');
INSERT INTO team12.film (id, year, country_id, director_id, rating_id, type_id, title) VALUES (67, 1993, 2, 58, 6, 2, ' 아롱이 친구들의 동물동화');
INSERT INTO team12.film (id, year, country_id, director_id, rating_id, type_id, title) VALUES (68, 2019, 3, 59, 2, 2, ' 나는 논이다 - 제106화');
INSERT INTO team12.film (id, year, country_id, director_id, rating_id, type_id, title) VALUES (69, 2019, 2, 60, 2, 1, ' 낙타들');
INSERT INTO team12.film (id, year, country_id, director_id, rating_id, type_id, title) VALUES (70, 2019, 7, 61, 1, 1, ' 나노 테러리즘: CIA 비밀요원');
INSERT INTO team12.film (id, year, country_id, director_id, rating_id, type_id, title) VALUES (71, 2018, 3, 62, 3, 1, ' 알몸으로 자는 유부녀');
INSERT INTO team12.film (id, year, country_id, director_id, rating_id, type_id, title) VALUES (72, 2019, 14, 63, 2, 2, ' 헬로우 평양');
INSERT INTO team12.film (id, year, country_id, director_id, rating_id, type_id, title) VALUES (73, 1988, 9, 64, 6, 1, ' 피터팬');
INSERT INTO team12.film (id, year, country_id, director_id, rating_id, type_id, title) VALUES (74, 2018, 3, 65, 3, 1, ' 부장님과 뜨겁게 한판');
INSERT INTO team12.film (id, year, country_id, director_id, rating_id, type_id, title) VALUES (75, 2014, 2, 66, 4, 1, ' 마트로 간 소년');
INSERT INTO team12.film (id, year, country_id, director_id, rating_id, type_id, title) VALUES (76, 2019, 3, 67, 2, 1, ' 눈의 꽃');
INSERT INTO team12.film (id, year, country_id, director_id, rating_id, type_id, title) VALUES (77, 2019, 2, 68, 2, 2, ' 이타미 준의 바다');
INSERT INTO team12.film (id, year, country_id, director_id, rating_id, type_id, title) VALUES (78, 2017, 2, 69, 1, 1, ' 열쇠');
INSERT INTO team12.film (id, year, country_id, director_id, rating_id, type_id, title) VALUES (79, 2017, 15, 70, 1, 1, ' 이대요정: 미남과 요괴');
INSERT INTO team12.film (id, year, country_id, director_id, rating_id, type_id, title) VALUES (80, 2018, 3, 71, 3, 1, ' 온천장의 음란한 서비스');
INSERT INTO team12.film (id, year, country_id, director_id, rating_id, type_id, title) VALUES (81, 2019, 3, 72, 2, 1, ' 조금씩, 천천히 안녕');
INSERT INTO team12.film (id, year, country_id, director_id, rating_id, type_id, title) VALUES (82, 2017, 3, 73, 3, 1, ' 전원사형');
INSERT INTO team12.film (id, year, country_id, director_id, rating_id, type_id, title) VALUES (83, 2018, 3, 74, 1, 1, ' 사이몬과 타카시');
INSERT INTO team12.film (id, year, country_id, director_id, rating_id, type_id, title) VALUES (84, 2002, 2, 75, 1, 2, ' 우린 하나 탈북 청소년 광혁이');
INSERT INTO team12.film (id, year, country_id, director_id, rating_id, type_id, title) VALUES (85, 2019, 7, 76, 4, 1, ' 미이라 리턴즈');
INSERT INTO team12.film (id, year, country_id, director_id, rating_id, type_id, title) VALUES (86, 2022, 2, 7, 1, 5, ' [부산국제영화제 인터뷰] 진봉진');
INSERT INTO team12.film (id, year, country_id, director_id, rating_id, type_id, title) VALUES (87, 2022, 3, 7, 1, 7, ' 執務中のサ(?)最高司令官');
INSERT INTO team12.film (id, year, country_id, director_id, rating_id, type_id, title) VALUES (88, 2019, 3, 77, 3, 8, ' 남편의 그것이 들어가지 않아 : 파트 1');
INSERT INTO team12.film (id, year, country_id, director_id, rating_id, type_id, title) VALUES (89, 2018, 15, 78, 4, 1, ' 어쩌다 룸메이트');
INSERT INTO team12.film (id, year, country_id, director_id, rating_id, type_id, title) VALUES (90, 1963, 2, 79, 5, 1, ' 이주사');
INSERT INTO team12.film (id, year, country_id, director_id, rating_id, type_id, title) VALUES (91, 1962, 16, 80, 1, 1, ' 타이거 세븐 씨');
INSERT INTO team12.film (id, year, country_id, director_id, rating_id, type_id, title) VALUES (92, 1987, 7, 81, 1, 2, ' 데저트 비젼');
INSERT INTO team12.film (id, year, country_id, director_id, rating_id, type_id, title) VALUES (93, 1992, 7, 82, 1, 6, ' 셰어: 엑스트라바간자 - 라이브 엣 더 미라지');
INSERT INTO team12.film (id, year, country_id, director_id, rating_id, type_id, title) VALUES (94, 1982, 17, 83, 1, 1, ' 죽음의 결사대');
INSERT INTO team12.film (id, year, country_id, director_id, rating_id, type_id, title) VALUES (95, 1978, 6, 84, 1, 9, ' 크리스마스 캐롤');
INSERT INTO team12.film (id, year, country_id, director_id, rating_id, type_id, title) VALUES (96, 1993, 7, 85, 1, 6, ' 아더 보이시스, 아더 룸스');
INSERT INTO team12.film (id, year, country_id, director_id, rating_id, type_id, title) VALUES (97, 2017, 18, 86, 3, 1, ' 터치 오브 헤븐');
INSERT INTO team12.film (id, year, country_id, director_id, rating_id, type_id, title) VALUES (98, 1963, 16, 80, 1, 1, ' 산드리고');
INSERT INTO team12.film (id, year, country_id, director_id, rating_id, type_id, title) VALUES (99, 1963, 2, 87, 5, 1, ' 현해탄의 구름다리');
INSERT INTO team12.film (id, year, country_id, director_id, rating_id, type_id, title) VALUES (100, 1998, 2, 88, 1, 3, ' 어디만큼 왔니');
INSERT INTO team12.film (id, year, country_id, director_id, rating_id, type_id, title) VALUES (101, 2022, 6, 7, 1, 2, ' 더 그라우스: 언 익셉셔널 버드');
INSERT INTO team12.film (id, year, country_id, director_id, rating_id, type_id, title) VALUES (102, 2022, 19, 89, 1, 3, ' 대왕의 동굴');
INSERT INTO team12.film (id, year, country_id, director_id, rating_id, type_id, title) VALUES (103, 1994, 6, 7, 1, 8, ' Les grands procès');
INSERT INTO team12.film (id, year, country_id, director_id, rating_id, type_id, title) VALUES (104, 1982, 17, 83, 1, 1, ' 죽음의 결사대');
INSERT INTO team12.film (id, year, country_id, director_id, rating_id, type_id, title) VALUES (105, 1978, 6, 84, 1, 9, ' 크리스마스 캐롤');
INSERT INTO team12.film (id, year, country_id, director_id, rating_id, type_id, title) VALUES (106, 1993, 7, 85, 1, 6, ' 아더 보이시스, 아더 룸스');
INSERT INTO team12.film (id, year, country_id, director_id, rating_id, type_id, title) VALUES (107, 2017, 18, 86, 3, 1, ' 터치 오브 헤븐');
INSERT INTO team12.film (id, year, country_id, director_id, rating_id, type_id, title) VALUES (108, 1963, 16, 80, 1, 1, ' 산드리고');
INSERT INTO team12.film (id, year, country_id, director_id, rating_id, type_id, title) VALUES (109, 1963, 2, 87, 5, 1, ' 현해탄의 구름다리');
INSERT INTO team12.film (id, year, country_id, director_id, rating_id, type_id, title) VALUES (110, 1998, 2, 88, 1, 3, ' 어디만큼 왔니');
INSERT INTO team12.film (id, year, country_id, director_id, rating_id, type_id, title) VALUES (111, 2022, 6, 7, 1, 2, ' 더 그라우스: 언 익셉셔널 버드');
INSERT INTO team12.film (id, year, country_id, director_id, rating_id, type_id, title) VALUES (112, 2022, 19, 89, 1, 3, ' 대왕의 동굴');
INSERT INTO team12.film (id, year, country_id, director_id, rating_id, type_id, title) VALUES (113, 1994, 6, 7, 1, 8, ' Les grands procès');
INSERT INTO team12.film (id, year, country_id, director_id, rating_id, type_id, title) VALUES (114, 1991, 20, 7, 1, 6, ' 폴 모리아: 골드 콘서트');
INSERT INTO team12.film (id, year, country_id, director_id, rating_id, type_id, title) VALUES (115, 2018, 21, 90, 4, 2, ' 굴라크 수용소의 여인들');
INSERT INTO team12.film (id, year, country_id, director_id, rating_id, type_id, title) VALUES (116, 2019, 2, 91, 1, 2, ' 믹스를 입양하세요');
INSERT INTO team12.film (id, year, country_id, director_id, rating_id, type_id, title) VALUES (117, 2019, 2, 92, 1, 2, ' 방생하지 말아주세요');
INSERT INTO team12.film (id, year, country_id, director_id, rating_id, type_id, title) VALUES (118, 1992, 22, 93, 1, 4, ' 피터 래빗과 친구들');
INSERT INTO team12.film (id, year, country_id, director_id, rating_id, type_id, title) VALUES (119, 2019, 2, 94, 1, 2, ' 엄마와 옷');
INSERT INTO team12.film (id, year, country_id, director_id, rating_id, type_id, title) VALUES (120, 1994, 7, 95, 1, 6, ' 더 탈리스 스콜라스: 라이브 인 롬');
INSERT INTO team12.film (id, year, country_id, director_id, rating_id, type_id, title) VALUES (121, 2018, 4, 96, 2, 3, ' 로빈슨의 언더워터 어드벤처');
INSERT INTO team12.film (id, year, country_id, director_id, rating_id, type_id, title) VALUES (122, 1989, 23, 97, 1, 1, ' 호랑이 발톱');
INSERT INTO team12.film (id, year, country_id, director_id, rating_id, type_id, title) VALUES (123, 1987, 6, 98, 1, 1, ' 나이트 트랙커');

INSERT INTO team12.distributor_film (id, distributor_id, film_id) VALUES (1, 1, 1);
INSERT INTO team12.distributor_film (id, distributor_id, film_id) VALUES (2, 2, 2);
INSERT INTO team12.distributor_film (id, distributor_id, film_id) VALUES (3, 2, 3);
INSERT INTO team12.distributor_film (id, distributor_id, film_id) VALUES (4, 2, 4);
INSERT INTO team12.distributor_film (id, distributor_id, film_id) VALUES (5, 2, 5);
INSERT INTO team12.distributor_film (id, distributor_id, film_id) VALUES (6, 2, 6);
INSERT INTO team12.distributor_film (id, distributor_id, film_id) VALUES (7, 2, 7);
INSERT INTO team12.distributor_film (id, distributor_id, film_id) VALUES (8, 2, 8);
INSERT INTO team12.distributor_film (id, distributor_id, film_id) VALUES (9, 2, 9);
INSERT INTO team12.distributor_film (id, distributor_id, film_id) VALUES (10, 2, 10);
INSERT INTO team12.distributor_film (id, distributor_id, film_id) VALUES (11, 2, 11);
INSERT INTO team12.distributor_film (id, distributor_id, film_id) VALUES (12, 2, 12);
INSERT INTO team12.distributor_film (id, distributor_id, film_id) VALUES (13, 2, 13);
INSERT INTO team12.distributor_film (id, distributor_id, film_id) VALUES (14, 2, 14);
INSERT INTO team12.distributor_film (id, distributor_id, film_id) VALUES (15, 2, 15);
INSERT INTO team12.distributor_film (id, distributor_id, film_id) VALUES (16, 2, 16);
INSERT INTO team12.distributor_film (id, distributor_id, film_id) VALUES (17, 2, 17);
INSERT INTO team12.distributor_film (id, distributor_id, film_id) VALUES (18, 2, 18);
INSERT INTO team12.distributor_film (id, distributor_id, film_id) VALUES (19, 2, 19);
INSERT INTO team12.distributor_film (id, distributor_id, film_id) VALUES (20, 2, 20);
INSERT INTO team12.distributor_film (id, distributor_id, film_id) VALUES (21, 2, 21);
INSERT INTO team12.distributor_film (id, distributor_id, film_id) VALUES (22, 3, 22);
INSERT INTO team12.distributor_film (id, distributor_id, film_id) VALUES (23, 4, 23);
INSERT INTO team12.distributor_film (id, distributor_id, film_id) VALUES (24, 5, 24);
INSERT INTO team12.distributor_film (id, distributor_id, film_id) VALUES (25, 6, 25);
INSERT INTO team12.distributor_film (id, distributor_id, film_id) VALUES (26, 7, 26);
INSERT INTO team12.distributor_film (id, distributor_id, film_id) VALUES (27, 8, 27);
INSERT INTO team12.distributor_film (id, distributor_id, film_id) VALUES (28, 9, 28);
INSERT INTO team12.distributor_film (id, distributor_id, film_id) VALUES (29, 10, 29);
INSERT INTO team12.distributor_film (id, distributor_id, film_id) VALUES (30, 11, 30);
INSERT INTO team12.distributor_film (id, distributor_id, film_id) VALUES (31, 2, 31);
INSERT INTO team12.distributor_film (id, distributor_id, film_id) VALUES (32, 12, 32);
INSERT INTO team12.distributor_film (id, distributor_id, film_id) VALUES (33, 2, 33);
INSERT INTO team12.distributor_film (id, distributor_id, film_id) VALUES (34, 13, 34);
INSERT INTO team12.distributor_film (id, distributor_id, film_id) VALUES (35, 14, 35);
INSERT INTO team12.distributor_film (id, distributor_id, film_id) VALUES (36, 3, 36);
INSERT INTO team12.distributor_film (id, distributor_id, film_id) VALUES (37, 3, 37);
INSERT INTO team12.distributor_film (id, distributor_id, film_id) VALUES (38, 15, 38);
INSERT INTO team12.distributor_film (id, distributor_id, film_id) VALUES (39, 2, 39);
INSERT INTO team12.distributor_film (id, distributor_id, film_id) VALUES (40, 16, 40);
INSERT INTO team12.distributor_film (id, distributor_id, film_id) VALUES (41, 2, 41);
INSERT INTO team12.distributor_film (id, distributor_id, film_id) VALUES (42, 2, 42);
INSERT INTO team12.distributor_film (id, distributor_id, film_id) VALUES (43, 17, 43);
INSERT INTO team12.distributor_film (id, distributor_id, film_id) VALUES (44, 2, 44);
INSERT INTO team12.distributor_film (id, distributor_id, film_id) VALUES (45, 18, 45);
INSERT INTO team12.distributor_film (id, distributor_id, film_id) VALUES (46, 2, 46);
INSERT INTO team12.distributor_film (id, distributor_id, film_id) VALUES (47, 2, 47);
INSERT INTO team12.distributor_film (id, distributor_id, film_id) VALUES (48, 2, 48);
INSERT INTO team12.distributor_film (id, distributor_id, film_id) VALUES (49, 2, 49);
INSERT INTO team12.distributor_film (id, distributor_id, film_id) VALUES (50, 19, 50);
INSERT INTO team12.distributor_film (id, distributor_id, film_id) VALUES (51, 2, 51);
INSERT INTO team12.distributor_film (id, distributor_id, film_id) VALUES (52, 2, 52);
INSERT INTO team12.distributor_film (id, distributor_id, film_id) VALUES (53, 2, 53);
INSERT INTO team12.distributor_film (id, distributor_id, film_id) VALUES (54, 2, 54);
INSERT INTO team12.distributor_film (id, distributor_id, film_id) VALUES (55, 20, 55);
INSERT INTO team12.distributor_film (id, distributor_id, film_id) VALUES (56, 2, 56);
INSERT INTO team12.distributor_film (id, distributor_id, film_id) VALUES (57, 21, 57);
INSERT INTO team12.distributor_film (id, distributor_id, film_id) VALUES (58, 2, 58);
INSERT INTO team12.distributor_film (id, distributor_id, film_id) VALUES (59, 2, 59);
INSERT INTO team12.distributor_film (id, distributor_id, film_id) VALUES (60, 2, 60);
INSERT INTO team12.distributor_film (id, distributor_id, film_id) VALUES (61, 2, 61);
INSERT INTO team12.distributor_film (id, distributor_id, film_id) VALUES (62, 2, 62);
INSERT INTO team12.distributor_film (id, distributor_id, film_id) VALUES (63, 22, 63);
INSERT INTO team12.distributor_film (id, distributor_id, film_id) VALUES (64, 23, 64);
INSERT INTO team12.distributor_film (id, distributor_id, film_id) VALUES (65, 2, 65);
INSERT INTO team12.distributor_film (id, distributor_id, film_id) VALUES (66, 2, 66);
INSERT INTO team12.distributor_film (id, distributor_id, film_id) VALUES (67, 24, 67);
INSERT INTO team12.distributor_film (id, distributor_id, film_id) VALUES (68, 25, 68);
INSERT INTO team12.distributor_film (id, distributor_id, film_id) VALUES (69, 2, 69);
INSERT INTO team12.distributor_film (id, distributor_id, film_id) VALUES (70, 26, 70);
INSERT INTO team12.distributor_film (id, distributor_id, film_id) VALUES (71, 27, 71);
INSERT INTO team12.distributor_film (id, distributor_id, film_id) VALUES (72, 28, 72);
INSERT INTO team12.distributor_film (id, distributor_id, film_id) VALUES (73, 29, 73);
INSERT INTO team12.distributor_film (id, distributor_id, film_id) VALUES (74, 27, 74);
INSERT INTO team12.distributor_film (id, distributor_id, film_id) VALUES (75, 2, 75);
INSERT INTO team12.distributor_film (id, distributor_id, film_id) VALUES (76, 30, 76);
INSERT INTO team12.distributor_film (id, distributor_id, film_id) VALUES (77, 31, 77);
INSERT INTO team12.distributor_film (id, distributor_id, film_id) VALUES (78, 32, 78);
INSERT INTO team12.distributor_film (id, distributor_id, film_id) VALUES (79, 33, 79);
INSERT INTO team12.distributor_film (id, distributor_id, film_id) VALUES (80, 27, 80);
INSERT INTO team12.distributor_film (id, distributor_id, film_id) VALUES (81, 34, 81);
INSERT INTO team12.distributor_film (id, distributor_id, film_id) VALUES (82, 35, 82);
INSERT INTO team12.distributor_film (id, distributor_id, film_id) VALUES (83, 35, 83);
INSERT INTO team12.distributor_film (id, distributor_id, film_id) VALUES (84, 2, 84);
INSERT INTO team12.distributor_film (id, distributor_id, film_id) VALUES (85, 36, 85);
INSERT INTO team12.distributor_film (id, distributor_id, film_id) VALUES (86, 37, 86);
INSERT INTO team12.distributor_film (id, distributor_id, film_id) VALUES (87, 38, 87);
INSERT INTO team12.distributor_film (id, distributor_id, film_id) VALUES (88, 39, 88);
INSERT INTO team12.distributor_film (id, distributor_id, film_id) VALUES (89, 40, 89);
INSERT INTO team12.distributor_film (id, distributor_id, film_id) VALUES (90, 41, 90);
INSERT INTO team12.distributor_film (id, distributor_id, film_id) VALUES (91, 42, 91);
INSERT INTO team12.distributor_film (id, distributor_id, film_id) VALUES (92, 2, 92);
INSERT INTO team12.distributor_film (id, distributor_id, film_id) VALUES (93, 2, 93);
INSERT INTO team12.distributor_film (id, distributor_id, film_id) VALUES (94, 43, 94);
INSERT INTO team12.distributor_film (id, distributor_id, film_id) VALUES (95, 44, 95);
INSERT INTO team12.distributor_film (id, distributor_id, film_id) VALUES (96, 2, 96);
INSERT INTO team12.distributor_film (id, distributor_id, film_id) VALUES (97, 45, 97);
INSERT INTO team12.distributor_film (id, distributor_id, film_id) VALUES (98, 46, 98);
INSERT INTO team12.distributor_film (id, distributor_id, film_id) VALUES (99, 47, 99);
INSERT INTO team12.distributor_film (id, distributor_id, film_id) VALUES (100, 2, 100);
INSERT INTO team12.distributor_film (id, distributor_id, film_id) VALUES (101, 48, 101);
INSERT INTO team12.distributor_film (id, distributor_id, film_id) VALUES (102, 2, 102);
INSERT INTO team12.distributor_film (id, distributor_id, film_id) VALUES (103, 48, 103);
INSERT INTO team12.distributor_film (id, distributor_id, film_id) VALUES (104, 43, 104);
INSERT INTO team12.distributor_film (id, distributor_id, film_id) VALUES (105, 44, 105);
INSERT INTO team12.distributor_film (id, distributor_id, film_id) VALUES (106, 2, 106);
INSERT INTO team12.distributor_film (id, distributor_id, film_id) VALUES (107, 45, 107);
INSERT INTO team12.distributor_film (id, distributor_id, film_id) VALUES (108, 46, 108);
INSERT INTO team12.distributor_film (id, distributor_id, film_id) VALUES (109, 47, 109);
INSERT INTO team12.distributor_film (id, distributor_id, film_id) VALUES (110, 2, 110);
INSERT INTO team12.distributor_film (id, distributor_id, film_id) VALUES (111, 48, 111);
INSERT INTO team12.distributor_film (id, distributor_id, film_id) VALUES (112, 2, 112);
INSERT INTO team12.distributor_film (id, distributor_id, film_id) VALUES (113, 48, 113);
INSERT INTO team12.distributor_film (id, distributor_id, film_id) VALUES (114, 2, 114);
INSERT INTO team12.distributor_film (id, distributor_id, film_id) VALUES (115, 2, 115);
INSERT INTO team12.distributor_film (id, distributor_id, film_id) VALUES (116, 2, 116);
INSERT INTO team12.distributor_film (id, distributor_id, film_id) VALUES (117, 2, 117);
INSERT INTO team12.distributor_film (id, distributor_id, film_id) VALUES (118, 49, 118);
INSERT INTO team12.distributor_film (id, distributor_id, film_id) VALUES (119, 2, 119);
INSERT INTO team12.distributor_film (id, distributor_id, film_id) VALUES (120, 50, 120);
INSERT INTO team12.distributor_film (id, distributor_id, film_id) VALUES (121, 51, 121);
INSERT INTO team12.distributor_film (id, distributor_id, film_id) VALUES (122, 52, 122);
INSERT INTO team12.distributor_film (id, distributor_id, film_id) VALUES (123, 2, 123);

INSERT INTO team12.genre (id, name) VALUES (10, 'SF,어드벤처');
INSERT INTO team12.genre (id, name) VALUES (6, 'SF,판타지');
INSERT INTO team12.genre (id, name) VALUES (48, '가족');
INSERT INTO team12.genre (id, name) VALUES (41, '가족,드라마');
INSERT INTO team12.genre (id, name) VALUES (7, '가족,인물');
INSERT INTO team12.genre (id, name) VALUES (17, '가족,판타지,액션');
INSERT INTO team12.genre (id, name) VALUES (51, '공포');
INSERT INTO team12.genre (id, name) VALUES (3, '공포,스릴러');
INSERT INTO team12.genre (id, name) VALUES (1, '드라마');
INSERT INTO team12.genre (id, name) VALUES (2, '드라마,가족');
INSERT INTO team12.genre (id, name) VALUES (28, '드라마,가족,범죄');
INSERT INTO team12.genre (id, name) VALUES (15, '드라마,미스터리');
INSERT INTO team12.genre (id, name) VALUES (42, '드라마,범죄');
INSERT INTO team12.genre (id, name) VALUES (33, '드라마,액션,어드벤처,판타지');
INSERT INTO team12.genre (id, name) VALUES (46, '드라마,어드벤처,역사');
INSERT INTO team12.genre (id, name) VALUES (23, '드라마,전쟁');
INSERT INTO team12.genre (id, name) VALUES (24, '멜로/로맨스');
INSERT INTO team12.genre (id, name) VALUES (39, '멜로/로맨스,드라마');
INSERT INTO team12.genre (id, name) VALUES (22, '멜로드라마,코메디,드라마');
INSERT INTO team12.genre (id, name) VALUES (34, '문화');
INSERT INTO team12.genre (id, name) VALUES (16, '뮤지컬');
INSERT INTO team12.genre (id, name) VALUES (27, '뮤직');
INSERT INTO team12.genre (id, name) VALUES (47, '사회,인권');
INSERT INTO team12.genre (id, name) VALUES (13, '스릴러');
INSERT INTO team12.genre (id, name) VALUES (36, '스릴러,SF,액션');
INSERT INTO team12.genre (id, name) VALUES (20, '스릴러,미스터리');
INSERT INTO team12.genre (id, name) VALUES (5, '아동');
INSERT INTO team12.genre (id, name) VALUES (35, '아동,교육');
INSERT INTO team12.genre (id, name) VALUES (14, '액션');
INSERT INTO team12.genre (id, name) VALUES (25, '액션,SF');
INSERT INTO team12.genre (id, name) VALUES (18, '액션,가족');
INSERT INTO team12.genre (id, name) VALUES (43, '액션,공포');
INSERT INTO team12.genre (id, name) VALUES (31, '액션,범죄');
INSERT INTO team12.genre (id, name) VALUES (50, '액션,어드벤처,범죄');
INSERT INTO team12.genre (id, name) VALUES (44, '액션,전쟁');
INSERT INTO team12.genre (id, name) VALUES (12, '어드벤처');
INSERT INTO team12.genre (id, name) VALUES (38, '어드벤처,가족,판타지');
INSERT INTO team12.genre (id, name) VALUES (9, '에로');
INSERT INTO team12.genre (id, name) VALUES (8, '인물');
INSERT INTO team12.genre (id, name) VALUES (30, '인물,역사,사회');
INSERT INTO team12.genre (id, name) VALUES (26, '자연ㆍ환경');
INSERT INTO team12.genre (id, name) VALUES (21, '자연ㆍ환경,과학,역사');
INSERT INTO team12.genre (id, name) VALUES (11, '장르 정보 없음');
INSERT INTO team12.genre (id, name) VALUES (32, '지역');
INSERT INTO team12.genre (id, name) VALUES (37, '지역,사회');
INSERT INTO team12.genre (id, name) VALUES (4, '코메디');
INSERT INTO team12.genre (id, name) VALUES (19, '코메디,멜로/로맨스');
INSERT INTO team12.genre (id, name) VALUES (40, '코메디,멜로드라마,판타지');
INSERT INTO team12.genre (id, name) VALUES (45, '코메디,판타지');
INSERT INTO team12.genre (id, name) VALUES (49, '판타지,어드벤처');
INSERT INTO team12.genre (id, name) VALUES (29, '하이틴(고교),액션');

INSERT INTO team12.genre_film (id, film_id, genre_id) VALUES (1, 1, 1);
INSERT INTO team12.genre_film (id, film_id, genre_id) VALUES (2, 2, 1);
INSERT INTO team12.genre_film (id, film_id, genre_id) VALUES (3, 3, 1);
INSERT INTO team12.genre_film (id, film_id, genre_id) VALUES (4, 4, 2);
INSERT INTO team12.genre_film (id, film_id, genre_id) VALUES (5, 5, 3);
INSERT INTO team12.genre_film (id, film_id, genre_id) VALUES (6, 6, 1);
INSERT INTO team12.genre_film (id, film_id, genre_id) VALUES (7, 7, 1);
INSERT INTO team12.genre_film (id, film_id, genre_id) VALUES (8, 8, 2);
INSERT INTO team12.genre_film (id, film_id, genre_id) VALUES (9, 9, 1);
INSERT INTO team12.genre_film (id, film_id, genre_id) VALUES (10, 10, 1);
INSERT INTO team12.genre_film (id, film_id, genre_id) VALUES (11, 11, 4);
INSERT INTO team12.genre_film (id, film_id, genre_id) VALUES (12, 12, 1);
INSERT INTO team12.genre_film (id, film_id, genre_id) VALUES (13, 13, 5);
INSERT INTO team12.genre_film (id, film_id, genre_id) VALUES (14, 14, 1);
INSERT INTO team12.genre_film (id, film_id, genre_id) VALUES (15, 15, 6);
INSERT INTO team12.genre_film (id, film_id, genre_id) VALUES (16, 16, 1);
INSERT INTO team12.genre_film (id, film_id, genre_id) VALUES (17, 17, 1);
INSERT INTO team12.genre_film (id, film_id, genre_id) VALUES (18, 18, 1);
INSERT INTO team12.genre_film (id, film_id, genre_id) VALUES (19, 19, 7);
INSERT INTO team12.genre_film (id, film_id, genre_id) VALUES (20, 20, 8);
INSERT INTO team12.genre_film (id, film_id, genre_id) VALUES (21, 21, 1);
INSERT INTO team12.genre_film (id, film_id, genre_id) VALUES (22, 22, 9);
INSERT INTO team12.genre_film (id, film_id, genre_id) VALUES (23, 23, 10);
INSERT INTO team12.genre_film (id, film_id, genre_id) VALUES (24, 24, 11);
INSERT INTO team12.genre_film (id, film_id, genre_id) VALUES (25, 25, 12);
INSERT INTO team12.genre_film (id, film_id, genre_id) VALUES (26, 26, 13);
INSERT INTO team12.genre_film (id, film_id, genre_id) VALUES (27, 27, 14);
INSERT INTO team12.genre_film (id, film_id, genre_id) VALUES (28, 28, 15);
INSERT INTO team12.genre_film (id, film_id, genre_id) VALUES (29, 29, 16);
INSERT INTO team12.genre_film (id, film_id, genre_id) VALUES (30, 30, 17);
INSERT INTO team12.genre_film (id, film_id, genre_id) VALUES (31, 31, 18);
INSERT INTO team12.genre_film (id, film_id, genre_id) VALUES (32, 32, 19);
INSERT INTO team12.genre_film (id, film_id, genre_id) VALUES (33, 33, 9);
INSERT INTO team12.genre_film (id, film_id, genre_id) VALUES (34, 34, 1);
INSERT INTO team12.genre_film (id, film_id, genre_id) VALUES (35, 35, 1);
INSERT INTO team12.genre_film (id, film_id, genre_id) VALUES (36, 36, 9);
INSERT INTO team12.genre_film (id, film_id, genre_id) VALUES (37, 37, 9);
INSERT INTO team12.genre_film (id, film_id, genre_id) VALUES (38, 38, 20);
INSERT INTO team12.genre_film (id, film_id, genre_id) VALUES (39, 39, 21);
INSERT INTO team12.genre_film (id, film_id, genre_id) VALUES (40, 40, 22);
INSERT INTO team12.genre_film (id, film_id, genre_id) VALUES (41, 41, 1);
INSERT INTO team12.genre_film (id, film_id, genre_id) VALUES (42, 42, 2);
INSERT INTO team12.genre_film (id, film_id, genre_id) VALUES (43, 43, 1);
INSERT INTO team12.genre_film (id, film_id, genre_id) VALUES (44, 44, 23);
INSERT INTO team12.genre_film (id, film_id, genre_id) VALUES (45, 45, 24);
INSERT INTO team12.genre_film (id, film_id, genre_id) VALUES (46, 46, 11);
INSERT INTO team12.genre_film (id, film_id, genre_id) VALUES (47, 47, 25);
INSERT INTO team12.genre_film (id, film_id, genre_id) VALUES (48, 48, 26);
INSERT INTO team12.genre_film (id, film_id, genre_id) VALUES (49, 49, 1);
INSERT INTO team12.genre_film (id, film_id, genre_id) VALUES (50, 50, 27);
INSERT INTO team12.genre_film (id, film_id, genre_id) VALUES (51, 51, 28);
INSERT INTO team12.genre_film (id, film_id, genre_id) VALUES (52, 52, 11);
INSERT INTO team12.genre_film (id, film_id, genre_id) VALUES (53, 53, 11);
INSERT INTO team12.genre_film (id, film_id, genre_id) VALUES (54, 54, 11);
INSERT INTO team12.genre_film (id, film_id, genre_id) VALUES (55, 55, 29);
INSERT INTO team12.genre_film (id, film_id, genre_id) VALUES (56, 56, 30);
INSERT INTO team12.genre_film (id, film_id, genre_id) VALUES (57, 57, 31);
INSERT INTO team12.genre_film (id, film_id, genre_id) VALUES (58, 58, 11);
INSERT INTO team12.genre_film (id, film_id, genre_id) VALUES (59, 59, 11);
INSERT INTO team12.genre_film (id, film_id, genre_id) VALUES (60, 60, 11);
INSERT INTO team12.genre_film (id, film_id, genre_id) VALUES (61, 61, 32);
INSERT INTO team12.genre_film (id, film_id, genre_id) VALUES (62, 62, 11);
INSERT INTO team12.genre_film (id, film_id, genre_id) VALUES (63, 63, 1);
INSERT INTO team12.genre_film (id, film_id, genre_id) VALUES (64, 64, 33);
INSERT INTO team12.genre_film (id, film_id, genre_id) VALUES (65, 65, 34);
INSERT INTO team12.genre_film (id, film_id, genre_id) VALUES (66, 66, 11);
INSERT INTO team12.genre_film (id, film_id, genre_id) VALUES (67, 67, 35);
INSERT INTO team12.genre_film (id, film_id, genre_id) VALUES (68, 68, 8);
INSERT INTO team12.genre_film (id, film_id, genre_id) VALUES (69, 69, 1);
INSERT INTO team12.genre_film (id, film_id, genre_id) VALUES (70, 70, 36);
INSERT INTO team12.genre_film (id, film_id, genre_id) VALUES (71, 71, 9);
INSERT INTO team12.genre_film (id, film_id, genre_id) VALUES (72, 72, 37);
INSERT INTO team12.genre_film (id, film_id, genre_id) VALUES (73, 73, 38);
INSERT INTO team12.genre_film (id, film_id, genre_id) VALUES (74, 74, 9);
INSERT INTO team12.genre_film (id, film_id, genre_id) VALUES (75, 75, 1);
INSERT INTO team12.genre_film (id, film_id, genre_id) VALUES (76, 76, 39);
INSERT INTO team12.genre_film (id, film_id, genre_id) VALUES (77, 77, 8);
INSERT INTO team12.genre_film (id, film_id, genre_id) VALUES (78, 78, 1);
INSERT INTO team12.genre_film (id, film_id, genre_id) VALUES (79, 79, 40);
INSERT INTO team12.genre_film (id, film_id, genre_id) VALUES (80, 80, 9);
INSERT INTO team12.genre_film (id, film_id, genre_id) VALUES (81, 81, 41);
INSERT INTO team12.genre_film (id, film_id, genre_id) VALUES (82, 82, 42);
INSERT INTO team12.genre_film (id, film_id, genre_id) VALUES (83, 83, 4);
INSERT INTO team12.genre_film (id, film_id, genre_id) VALUES (84, 84, 8);
INSERT INTO team12.genre_film (id, film_id, genre_id) VALUES (85, 85, 43);
INSERT INTO team12.genre_film (id, film_id, genre_id) VALUES (86, 86, 8);
INSERT INTO team12.genre_film (id, film_id, genre_id) VALUES (87, 87, 11);
INSERT INTO team12.genre_film (id, film_id, genre_id) VALUES (88, 88, 24);
INSERT INTO team12.genre_film (id, film_id, genre_id) VALUES (89, 89, 24);
INSERT INTO team12.genre_film (id, film_id, genre_id) VALUES (90, 90, 24);
INSERT INTO team12.genre_film (id, film_id, genre_id) VALUES (91, 91, 12);
INSERT INTO team12.genre_film (id, film_id, genre_id) VALUES (92, 92, 27);
INSERT INTO team12.genre_film (id, film_id, genre_id) VALUES (93, 93, 27);
INSERT INTO team12.genre_film (id, film_id, genre_id) VALUES (94, 94, 44);
INSERT INTO team12.genre_film (id, film_id, genre_id) VALUES (95, 95, 45);
INSERT INTO team12.genre_film (id, film_id, genre_id) VALUES (96, 96, 27);
INSERT INTO team12.genre_film (id, film_id, genre_id) VALUES (97, 97, 1);
INSERT INTO team12.genre_film (id, film_id, genre_id) VALUES (98, 98, 46);
INSERT INTO team12.genre_film (id, film_id, genre_id) VALUES (99, 99, 39);
INSERT INTO team12.genre_film (id, film_id, genre_id) VALUES (100, 100, 11);
INSERT INTO team12.genre_film (id, film_id, genre_id) VALUES (101, 101, 8);
INSERT INTO team12.genre_film (id, film_id, genre_id) VALUES (102, 102, 11);
INSERT INTO team12.genre_film (id, film_id, genre_id) VALUES (103, 103, 11);
INSERT INTO team12.genre_film (id, film_id, genre_id) VALUES (104, 104, 44);
INSERT INTO team12.genre_film (id, film_id, genre_id) VALUES (105, 105, 45);
INSERT INTO team12.genre_film (id, film_id, genre_id) VALUES (106, 106, 27);
INSERT INTO team12.genre_film (id, film_id, genre_id) VALUES (107, 107, 1);
INSERT INTO team12.genre_film (id, film_id, genre_id) VALUES (108, 108, 46);
INSERT INTO team12.genre_film (id, film_id, genre_id) VALUES (109, 109, 39);
INSERT INTO team12.genre_film (id, film_id, genre_id) VALUES (110, 110, 11);
INSERT INTO team12.genre_film (id, film_id, genre_id) VALUES (111, 111, 8);
INSERT INTO team12.genre_film (id, film_id, genre_id) VALUES (112, 112, 11);
INSERT INTO team12.genre_film (id, film_id, genre_id) VALUES (113, 113, 11);
INSERT INTO team12.genre_film (id, film_id, genre_id) VALUES (114, 114, 27);
INSERT INTO team12.genre_film (id, film_id, genre_id) VALUES (115, 115, 47);
INSERT INTO team12.genre_film (id, film_id, genre_id) VALUES (116, 116, 11);
INSERT INTO team12.genre_film (id, film_id, genre_id) VALUES (117, 117, 26);
INSERT INTO team12.genre_film (id, film_id, genre_id) VALUES (118, 118, 48);
INSERT INTO team12.genre_film (id, film_id, genre_id) VALUES (119, 119, 8);
INSERT INTO team12.genre_film (id, film_id, genre_id) VALUES (120, 120, 27);
INSERT INTO team12.genre_film (id, film_id, genre_id) VALUES (121, 121, 49);
INSERT INTO team12.genre_film (id, film_id, genre_id) VALUES (122, 122, 50);
INSERT INTO team12.genre_film (id, film_id, genre_id) VALUES (123, 123, 51);

INSERT INTO team12.star (id, point) VALUES (1, 1);
INSERT INTO team12.star (id, point) VALUES (2, 1.5);
INSERT INTO team12.star (id, point) VALUES (3, 2);
INSERT INTO team12.star (id, point) VALUES (4, 2.5);
INSERT INTO team12.star (id, point) VALUES (5, 3);
INSERT INTO team12.star (id, point) VALUES (6, 3.5);
INSERT INTO team12.star (id, point) VALUES (7, 4);
INSERT INTO team12.star (id, point) VALUES (8, 4.5);
INSERT INTO team12.star (id, point) VALUES (9, 5);

INSERT INTO team12.review (id, review, film_id) VALUES (1, '정말 감동적인 영화였습니다', 1);
INSERT INTO team12.review (id, review, film_id) VALUES (2, ' 영화 보는내내 울다가 웃다가 울다가울다가 웃다가 울다가 했어요구래도 마지막에 인생은 참 아름답구나라를 느끼게 해준 영화', 1);
INSERT INTO team12.review (id, review, film_id) VALUES (3, '진짜 2022년 명작이네요ㅠㅠ', 2);
INSERT INTO team12.review (id, review, film_id) VALUES (4, '울고 웃게만든 정말 좋았던 영화', 2);
INSERT INTO team12.review (id, review, film_id) VALUES (5, '잘 보고 왔습니다...', 3);
INSERT INTO team12.review (id, review, film_id) VALUES (6, '사람들이 좀 더 알아줬으면 하는 내 인생영화.', 3);
INSERT INTO team12.review (id, review, film_id) VALUES (7, '노래가 너무 감동이었습니다', 18);
INSERT INTO team12.review (id, review, film_id) VALUES (8, '영화 기대했던 것 보다 훨씬 좋았습니다.', 4);
INSERT INTO team12.review (id, review, film_id) VALUES (9, '보는내내 행복한 영화였습니다~', 4);
INSERT INTO team12.review (id, review, film_id) VALUES (10, '재밌게 잘 봤습니다~~ 가족에 대해 다시 생각해볼수 있었어요~', 5);
INSERT INTO team12.review (id, review, film_id) VALUES (11, '오랜만에 눈물콧물 쏙쏙 뺀 영화', 6);
INSERT INTO team12.review (id, review, film_id) VALUES (12, '그럭저럭 봤습니다 ㅎㅎ', 7);
INSERT INTO team12.review (id, review, film_id) VALUES (13, '요즘 같을 때 딱맞는 주제', 8);

INSERT INTO team12.review_star (id, review_id, star_id) VALUES (1, 1, 7);
INSERT INTO team12.review_star (id, review_id, star_id) VALUES (2, 2, 8);
INSERT INTO team12.review_star (id, review_id, star_id) VALUES (3, 3, 9);
INSERT INTO team12.review_star (id, review_id, star_id) VALUES (4, 4, 7);
INSERT INTO team12.review_star (id, review_id, star_id) VALUES (5, 5, 8);
INSERT INTO team12.review_star (id, review_id, star_id) VALUES (6, 6, 9);
INSERT INTO team12.review_star (id, review_id, star_id) VALUES (7, 7, 7);
INSERT INTO team12.review_star (id, review_id, star_id) VALUES (8, 8, 8);
INSERT INTO team12.review_star (id, review_id, star_id) VALUES (9, 9, 9);
INSERT INTO team12.review_star (id, review_id, star_id) VALUES (10, 10, 7);
INSERT INTO team12.review_star (id, review_id, star_id) VALUES (11, 11, 8);
INSERT INTO team12.review_star (id, review_id, star_id) VALUES (12, 12, 6);
INSERT INTO team12.review_star (id, review_id, star_id) VALUES (13, 13, 8);